,syn_id,pre_pt_root_id,post_pt_root_id,syn_size,pre_syn_cell_type,pre_syn_clf_type,post_syn_cell_type,post_syn_clf_type
0,289585481,864691135969042789,864691135491574503,7892,5P-IT,E,5P-IT,E
1,401191692,864691136176067334,864691135683790834,11716,23P,E,5P-NP,E
2,200617920,864691136100713589,864691136051146739,1004,MC,I,MC,I
3,148051082,864691135947457121,864691135578002693,3844,23P,E,5P-IT,E
4,447873738,864691136418890903,864691135741051243,14948,6P-IT,E,6P-IT,E
5,428498284,864691135940864422,864691135940624038,18816,23P,E,5P-IT,E
6,400647076,864691136032381371,864691136031719099,640,6P-IT,E,6P-IT,E
7,255549396,864691135368087801,864691135367238905,7968,BC,I,5P-IT,E
8,362130703,864691135865231230,864691136194648040,4580,6P-CT,E,6P-IT,E
9,269684117,864691135916649318,864691134989526650,816,23P,E,23P,E
10,212079084,864691135841391331,864691136806748782,5064,6P-IT,E,BC,I
11,24787580,864691136194345036,864691135841817571,17584,4P,E,23P,E
12,44347594,864691135776615520,864691135490896487,3736,MC,I,23P,E
13,394506395,864691135491800807,864691135156563300,3020,23P,E,BC,I
14,406612262,864691135475475264,864691136423382575,14564,4P,E,5P-IT,E
15,364846170,864691136378793685,864691135570107782,13136,MC,I,23P,E
16,292383608,864691135463704638,864691135755217613,15724,4P,E,5P-IT,E
17,222825420,864691135654838466,864691135754539469,3336,4P,E,5P-ET,E
18,346209499,864691136951607007,864691136032676027,600,4P,E,BC,I
19,396323753,864691136617102555,864691136362637026,2308,23P,E,23P,E
20,397462856,864691135699755668,864691135059435163,22188,23P,E,23P,E
21,454980436,864691136237150991,864691135502604866,13456,MC,I,MC,I
22,82854758,864691135725621055,864691135991490241,15008,6P-IT,E,6P-IT,E
23,273273543,864691136724550653,864691136443909251,3696,5P-ET,E,5P-ET,E
24,267472547,864691135953424586,864691136209567164,1400,6P-IT,E,6P-IT,E
25,486814038,864691136451484415,864691135754538189,372,BC,I,6P-CT,E
26,394992974,864691136195002344,864691135489177658,18140,6P-CT,E,BC,I
27,40686726,864691136065925528,864691135342065861,300,MC,I,5P-IT,E
28,32709123,864691135736904324,864691135355990223,2236,23P,E,23P,E
29,339516194,864691135386184021,864691135195395370,5700,6P-IT,E,6P-IT,E
30,421432122,864691135415453882,864691135704914580,1680,BC,I,23P,E
31,385587010,864691136391623039,864691135341318853,3824,5P-IT,E,BC,I
32,402316169,864691135953764616,864691136925981258,2188,6P-IT,E,BPC,I
33,67637494,864691135614876363,864691135478808518,35180,6P-CT,E,6P-CT,E
34,88347424,864691136041058134,864691136237089295,3912,23P,E,5P-IT,E
35,135090357,864691135270459557,864691137019799406,624,6P-CT,E,5P-NP,E
36,423240698,864691135100839712,864691135490482023,2636,23P,E,23P,E
37,148023059,864691135945431332,864691135065768260,716,5P-ET,E,6P-CT,E
38,372592074,864691135731105465,864691136137504893,16308,4P,E,5P-ET,E
39,418682189,864691135502605661,864691135341654961,2472,6P-IT,E,6P-IT,E
40,443805419,864691135463522461,864691136594874274,7864,23P,E,23P,E
41,419246865,864691136109714616,864691135640087611,1508,6P-IT,E,5P-ET,E
42,120492934,864691135661213936,864691135195468586,6520,6P-CT,E,BC,I
43,461373897,864691136116909732,864691136903957938,7160,BPC,I,6P-IT,E
44,329566289,864691136236717583,864691135618615695,24944,4P,E,4P,E
45,94643970,864691135783764019,864691136025061177,10976,23P,E,MC,I
46,228251398,864691136039792126,864691135013420694,4424,5P-IT,E,5P-ET,E
47,348445698,864691135683215090,864691135618187663,6708,6P-IT,E,6P-CT,E
48,223494095,864691136031787963,864691135113199769,596,6P-CT,E,5P-IT,E
49,356605347,864691135307769158,864691136109767608,5472,23P,E,23P,E
50,428682970,864691135472686130,864691136210050492,5592,6P-CT,E,6P-CT,E
51,70591781,864691135374117449,864691135490810471,1348,23P,E,4P,E
52,371684226,864691137197512257,864691136558228130,6516,4P,E,5P-IT,E
53,131431824,864691136195042380,864691135273136913,260,23P,E,4P,E
54,200458091,864691135698654485,864691136391834495,11640,5P-ET,E,BC,I
55,280214694,864691135941863284,864691135307441222,7024,6P-CT,E,6P-CT,E
56,173521116,864691134948839676,864691136009467054,2760,23P,E,23P,E
57,127416069,864691136117228196,864691135374609225,2804,23P,E,5P-IT,E
58,176740616,864691135516735187,864691136388563728,7580,5P-NP,E,BC,I
59,299021276,864691136176339718,864691135859702120,1736,23P,E,MC,I
60,465663500,864691135495175312,864691135304584359,3648,4P,E,MC,I
61,107388049,864691135182539778,864691135502864565,2000,BC,I,6P-IT,E
62,476603462,864691135447060308,864691135988412874,13656,6P-IT,E,BC,I
63,293685019,864691136228713297,864691135577828357,10332,23P,E,6P-IT,E
64,140462157,864691135741482603,864691135585157244,3208,4P,E,4P,E
65,496550766,864691136297667355,864691135349287127,6196,23P,E,6P-IT,E
66,345343821,864691135123287847,864691135859043944,12840,23P,E,23P,E
67,340116450,864691135445982866,864691135476855208,16212,6P-IT,E,6P-IT,E
68,339155030,864691136419603863,864691136296672283,9964,23P,E,4P,E
69,217942093,864691136723503613,864691136099830645,4840,6P-CT,E,6P-IT,E
70,185114119,864691135782312784,864691136237502735,29136,6P-IT,E,4P,E
71,84103713,864691136312544061,864691135654027714,308,5P-ET,E,5P-IT,E
72,239170374,864691135952860963,864691135367663865,30144,4P,E,5P-ET,E
73,501025111,864691135661425904,864691135501599042,740,6P-IT,E,BC,I
74,135557210,864691135618174863,864691136136571773,24732,6P-IT,E,6P-CT,E
75,418639421,864691136032550331,864691136740841564,6364,23P,E,23P,E
76,474407601,864691134940842339,864691135118446813,388,6P-CT,E,6P-IT,E
77,103272874,864691136267284468,864691135988014595,12924,4P,E,4P,E
78,162823151,864691135866795798,864691136209896124,440,5P-ET,E,6P-IT,E
79,341166976,864691135772861771,864691135688156896,1004,BPC,I,5P-IT,E
80,273205954,864691135777976765,864691135119053789,2884,23P,E,5P-ET,E
81,157277131,864691136601554641,864691135782048080,5296,BC,I,23P,E
82,160030995,864691135954932488,864691135566087703,6204,23P,E,BC,I
83,33372257,864691135883896432,864691135696623002,4348,4P,E,5P-ET,E
84,308700914,864691135475635008,864691135754383821,9644,23P,E,23P,E
85,471405587,864691136912606193,864691136974841884,6208,23P,E,MC,I
86,311894253,864691136106216665,864691135716008218,2772,6P-IT,E,6P-IT,E
87,485421103,864691136813077107,864691136023763257,928,5P-IT,E,5P-IT,E
88,151104738,864691136137391997,864691135233097305,6976,23P,E,23P,E
89,390447035,864691135012482294,864691135013377270,1528,23P,E,23P,E
90,436377050,864691135615037387,864691136371314824,180,23P,E,23P,E
91,386013341,864691135938155780,864691136926624074,12768,4P,E,5P-IT,E
92,499502092,864691136312679229,864691136175085830,232,6P-IT,E,6P-IT,E
93,204541530,864691135429457200,864691136056760280,1200,6P-CT,E,6P-CT,E
94,468041137,864691136973665820,864691136451090431,2644,5P-NP,E,6P-IT,E
95,404994206,864691135490897767,864691135590568459,10604,23P,E,4P,E
96,393743551,864691136274713357,864691137020658030,2148,6P-IT,E,6P-IT,E
97,441393715,864691135856301102,864691135865612933,7752,BC,I,6P-CT,E
98,206612643,864691136237881148,864691135114153113,21472,4P,E,4P,E
99,411332151,864691136116649124,864691136812081779,272,4P,E,23P,E
100,310138607,864691135700757115,864691136105890009,19228,23P,E,23P,E
101,85295760,864691135208519801,864691135645087983,3380,6P-CT,E,BC,I
102,81299162,864691135082478839,864691135800671330,8536,23P,E,4P,E
103,139969511,864691135616352361,864691135437154546,1252,23P,E,23P,E
104,188960084,864691135655123906,864691135685503159,14240,4P,E,4P,E
105,272182534,864691136882049646,864691135616908649,500,5P-ET,E,4P,E
106,108765677,864691135749815849,864691136619378573,2232,5P-IT,E,5P-ET,E
107,463090420,864691135940455425,864691136741518940,8552,4P,E,5P-ET,E
108,380002563,864691135397267233,864691135561356769,500,4P,E,4P,E
109,148154529,864691136195108940,864691135407995337,3524,23P,E,4P,E
110,186337145,864691135012520694,864691135782125904,4016,5P-ET,E,BC,I
111,182230409,864691136116443044,864691134885430010,6656,5P-NP,E,6P-IT,E
112,189572215,864691135940846502,864691135585851260,20684,23P,E,6P-IT,E
113,220132875,864691136137513341,864691136274194110,1732,MC,I,5P-IT,E
114,157421555,864691135491381991,864691135808579613,4956,4P,E,4P,E
115,347093439,864691135516910035,864691135755495890,13872,5P-IT,E,5P-ET,E
116,453579742,864691135374488649,864691135741051243,8048,6P-IT,E,6P-IT,E
117,44798901,864691135273082129,864691136195093462,3484,23P,E,MC,I
118,422111201,864691135762472758,864691136451995135,4468,6P-CT,E,6P-CT,E
119,17651267,864691135952731171,864691135491341799,1192,23P,E,23P,E
120,276297149,864691135741023851,864691135737783684,2272,5P-IT,E,BC,I
121,33691581,864691135182770946,864691136391367039,2836,23P,E,4P,E
122,488095839,864691136419378583,864691136123728678,4624,6P-CT,E,6P-CT,E
123,343141847,864691135699584802,864691136663178974,19980,23P,E,4P,E
124,12680479,864691135569900166,864691135385277781,2056,23P,E,23P,E
125,71461886,864691135741216363,864691135816469327,1796,4P,E,4P,E
126,445571020,864691135927170563,864691135385310549,16988,4P,E,4P,E
127,480083496,864691135012483062,864691135938057988,2260,5P-IT,E,6P-IT,E
128,230535055,864691136588920994,864691135858920040,3904,5P-IT,E,4P,E
129,382546414,864691135303825575,864691135940631718,9972,23P,E,23P,E
130,92386963,864691136811793779,864691135502130498,1140,5P-IT,E,BC,I
131,116013029,864691135992392641,864691136297873435,6696,6P-IT,E,MC,I
132,227189471,864691136683855990,864691136741798748,6484,4P,E,5P-ET,E
133,499918848,864691135684989623,864691135334756073,5976,4P,E,MC,I
134,87737594,864691135776631904,864691136134683787,1216,23P,E,23P,E
135,23054486,864691135373858248,864691136389096208,2336,BC,I,MC,I
136,440601418,864691135782883891,864691135490885991,4084,4P,E,23P,E
137,309415732,864691135584813944,864691135577732613,3888,23P,E,4P,E
138,460404298,864691135917899523,864691136594944930,180,MC,I,BC,I
139,495381571,864691135889536649,864691136010952611,4020,4P,E,BC,I
140,440322376,864691135292725174,864691136009341870,15468,6P-IT,E,6P-CT,E
141,447696108,864691135576171038,864691136024984377,3152,23P,E,MC,I
142,180714978,864691135387576193,864691135505793476,3408,4P,E,6P-CT,E
143,35538665,864691136418608791,864691137021188974,10032,5P-IT,E,MC,I
144,345589386,864691136965850574,864691135569910406,4740,MC,I,4P,E
145,490193188,864691135213072952,864691136419793559,5656,4P,E,BC,I
146,227631726,864691135942137204,864691135938247989,21344,23P,E,6P-CT,E
147,371103019,864691136194744908,864691135726400063,27424,4P,E,23P,E
148,110745924,864691136741470812,864691135560902369,25644,23P,E,23P,E
149,44258859,864691135335217897,864691136419540375,7092,23P,E,4P,E
150,295046363,864691135367708153,864691135467541644,480,5P-IT,E,5P-ET,E
151,444123205,864691136371504520,864691135778563261,3184,23P,E,NGC,I
152,287490458,864691135429454384,864691135349434583,4128,5P-IT,E,5P-ET,E
153,46021519,864691136318064279,864691135987984387,2708,23P,E,23P,E
154,380260433,864691136090184247,864691135693533887,7116,5P-IT,E,MC,I
155,78315459,864691135737491825,864691135866899478,2152,23P,E,4P,E
156,163253626,864691136329393386,864691135772545019,23272,6P-CT,E,6P-IT,E
157,435425491,864691134964741407,864691135976617027,11432,6P-IT,E,6P-IT,E
158,231861465,864691135946043684,864691135590408971,9724,23P,E,NGC,I
159,388798600,864691136032517819,864691135754442445,220,6P-IT,E,6P-IT,E
160,245247937,864691136267357172,864691135873625742,1280,5P-IT,E,6P-IT,E
161,27538624,864691135104881741,864691135661653744,5380,6P-CT,E,5P-IT,E
162,375019979,864691136105472985,864691135940498945,5716,5P-IT,E,6P-IT,E
163,245474179,864691136673575047,864691135429393456,1164,5P-IT,E,5P-IT,E
164,67101512,864691135274598117,864691136297784859,1032,6P-CT,E,6P-IT,E
165,394498695,864691136662207710,864691136011913379,5920,4P,E,5P-ET,E
166,261772771,864691136577525524,864691135517315795,256,BC,I,BC,I
167,361168192,864691135118704093,864691137054507382,1720,6P-IT,E,6P-IT,E
168,94499859,864691135502517826,864691136663005918,5456,23P,E,23P,E
169,87578322,864691135938487861,864691135741166699,2940,MC,I,MC,I
170,351695960,864691135565485591,864691136084887404,3920,23P,E,23P,E
171,85162475,864691135474739776,864691135888472457,4232,6P-IT,E,6P-IT,E
172,302447478,864691135275148261,864691135906653537,3716,6P-IT,E,BPC,I
173,326673019,864691135594191659,864691135386257237,14948,6P-CT,E,6P-IT,E
174,33955264,864691135848592734,864691136296654107,10080,4P,E,4P,E
175,292780647,864691135938012932,864691136296664603,1112,4P,E,BC,I
176,156538289,864691136329403114,864691135479683014,1792,6P-CT,E,6P-IT,E
177,482751111,864691135753604045,864691135013843350,2000,6P-IT,E,6P-IT,E
178,161034446,864691135133586336,864691135568996332,4820,5P-IT,E,23P,E
179,79562667,864691136090998964,864691136389171575,1396,23P,E,23P,E
180,74084800,864691135738466929,864691135346123935,8316,4P,E,4P,E
181,448641493,864691136311798333,864691135941560948,324,6P-IT,E,6P-IT,E
182,381756528,864691135182720258,864691135684932791,4860,4P,E,5P-ET,E
183,288442265,864691135429557296,864691136974380316,5328,23P,E,23P,E
184,121535479,864691135479063494,864691135342238405,4900,6P-CT,E,5P-ET,E
185,486814193,864691136912528625,864691135490878567,588,6P-CT,E,6P-IT,E
186,149676225,864691135273108241,864691135495542672,6772,6P-IT,E,BC,I
187,83433124,864691135233894233,864691136274192062,5080,6P-IT,E,6P-CT,E
188,358829160,864691135383193562,864691136903052978,3084,23P,E,MC,I
189,91282710,864691135498860051,864691135058836635,1016,4P,E,BC,I
190,111976207,864691136040196350,864691135876501587,1212,5P-IT,E,5P-ET,E
191,247243273,864691136903972018,864691135510015497,316,5P-ET,E,5P-ET,E
192,487166079,864691136925353034,864691135938500661,1824,6P-CT,E,6P-CT,E
193,180610938,864691135684221170,864691135463221661,1704,4P,E,23P,E
194,155796793,864691135857559598,864691135342335921,12084,6P-IT,E,5P-IT,E
195,110018982,864691134989362810,864691135275048165,17492,6P-IT,E,6P-IT,E
196,68529095,864691136810003566,864691135865410524,3168,6P-CT,E,6P-IT,E
197,183719646,864691135995468970,864691136287220163,6968,6P-IT,E,6P-CT,E
198,418722131,864691136311848253,864691136021009144,4884,5P-IT,E,6P-IT,E
199,133510842,864691135996104618,864691136925333578,5640,BC,I,6P-CT,E
200,235601825,864691135719292465,864691135463696446,2916,23P,E,BC,I
201,497152862,864691135100843808,864691135976614979,16052,5P-IT,E,4P,E
202,269928822,864691136602308049,864691135754162637,15820,5P-NP,E,6P-CT,E
203,285521016,864691136740446044,864691136194342358,23724,4P,E,4P,E
204,322717864,864691135946871754,864691135324041372,5268,BPC,I,5P-ET,E
205,154450894,864691135910628009,864691135278991265,17388,4P,E,5P-ET,E
206,301477175,864691135590809867,864691135948152929,3000,6P-CT,E,BPC,I
207,430571239,864691135762109238,864691135694014911,7596,23P,E,BC,I
208,352807802,864691135303567015,864691135700755323,7864,6P-CT,E,6P-IT,E
209,392253534,864691135407275977,864691135755197133,400,6P-CT,E,5P-IT,E
210,176837091,864691136785479022,864691136714073710,16960,6P-IT,E,6P-CT,E
211,303663634,864691135941275649,864691136226949969,640,6P-IT,E,6P-IT,E
212,9457428,864691136922759652,864691136100662133,5072,23P,E,BPC,I
213,390118824,864691135616720489,864691135725217963,608,23P,E,23P,E
214,161880629,864691136487428370,864691136813076083,10420,4P,E,MC,I
215,291993986,864691135816474703,864691136021365496,2576,4P,E,5P-ET,E
216,223021671,864691136484199724,864691135800494434,4568,5P-IT,E,5P-ET,E
217,343536052,864691135815503695,864691136908225902,4784,23P,E,23P,E
218,13226105,864691135582554221,864691135938064900,4632,4P,E,23P,E
219,126965344,864691135683208946,864691135918316208,7340,6P-IT,E,6P-IT,E
220,322202129,864691135495024784,864691135568694764,25404,23P,E,23P,E
221,435989368,864691136057218008,864691136100337269,3172,6P-IT,E,BC,I
222,61446336,864691135163366445,864691135754980813,16196,MC,I,6P-IT,E
223,489394780,864691136947035615,864691135123355431,4020,5P-IT,E,BC,I
224,234099423,864691135952462627,864691135526065755,2024,4P,E,4P,E
225,122886635,864691135701557115,864691134989434746,3040,5P-ET,E,6P-CT,E
226,43906117,864691135937401141,864691135659105410,3708,MC,I,23P,E
227,388049373,864691135429328176,864691135975508591,1252,23P,E,5P-ET,E
228,138949685,864691135661659376,864691137053752694,6508,BC,I,6P-IT,E
229,215723701,864691136051496179,864691135884125808,1300,6P-IT,E,6P-IT,E
230,451955404,864691136362481890,864691135508091378,5812,5P-IT,E,MC,I
231,179667986,864691136813911150,864691135926357006,11376,4P,E,23P,E
232,83380887,864691136009497518,864691135123330087,4152,5P-IT,E,BC,I
233,308111197,864691136106548441,864691136673733255,2700,4P,E,4P,E
234,334515805,864691135270538917,864691136021273336,700,6P-IT,E,5P-IT,E
235,461912781,864691135135042585,864691135502944949,15236,4P,E,4P,E
236,267757053,864691136618492813,864691135491069799,3732,5P-NP,E,23P,E
237,73448607,864691135571379437,864691136273007038,11160,23P,E,23P,E
238,490858282,864691136926142282,864691136903050162,4096,6P-IT,E,6P-IT,E
239,283121563,864691136391373695,864691136124686374,3396,BC,I,5P-IT,E
240,107831500,864691135808307485,864691136297642267,14280,6P-IT,E,6P-IT,E
241,306495355,864691135890141321,864691135633829828,3368,23P,E,MC,I
242,365024571,864691135684464823,864691135545576232,1176,BC,I,5P-IT,E
243,286700350,864691135865499525,864691135367180281,6036,4P,E,BC,I
244,437098890,864691135777108064,864691136274157069,3432,6P-IT,E,6P-IT,E
245,388188167,864691135355907791,864691135783909427,13864,5P-IT,E,MC,I
246,435916110,864691135584638840,864691136334609075,768,6P-IT,E,6P-IT,E
247,115492555,864691135341263557,864691135809429196,2876,23P,E,23P,E
248,103664256,864691136618401165,864691135946397988,2976,6P-IT,E,23P,E
249,78192944,864691135394910965,864691135975364463,4428,4P,E,BC,I
250,307249782,864691135946700385,864691135716095258,14596,5P-ET,E,6P-CT,E
251,310042651,864691136483698476,864691136363080930,5792,23P,E,4P,E
252,278526036,864691135464412997,864691135945448484,5296,6P-IT,E,4P,E
253,103187496,864691135749497641,864691135848618334,2348,4P,E,23P,E
254,147874439,864691135207776633,864691135801405282,9164,5P-IT,E,BC,I
255,353700050,864691135937915396,864691135342310085,17632,5P-IT,E,5P-IT,E
256,216718710,864691136912519153,864691135783544627,5112,23P,E,23P,E
257,97128903,864691135926300372,864691135658888578,14260,23P,E,5P-IT,E
258,427032553,864691135511392464,864691135359010904,49992,4P,E,23P,E
259,354819335,864691135526672731,864691135404380142,5684,4P,E,5P-IT,E
260,367648743,864691135987854083,864691134940847459,440,6P-CT,E,6P-IT,E
261,377857955,864691136009658542,864691135495084176,8304,6P-IT,E,5P-NP,E
262,283086517,864691135273176593,864691136124471590,220,6P-IT,E,6P-IT,E
263,475212471,864691136084065644,864691135946621732,7380,6P-CT,E,5P-IT,E
264,262483910,864691135909985193,864691135012923542,6348,6P-CT,E,6P-IT,E
265,318399522,864691136328912618,864691135123805735,824,23P,E,4P,E
266,91883546,864691135658974082,864691135441497928,1864,5P-IT,E,5P-ET,E
267,463626970,864691135867570454,864691135494981264,3984,6P-IT,E,6P-IT,E
268,76500889,864691135989263360,864691136105642883,2960,6P-CT,E,6P-CT,E
269,401568713,864691135772435275,864691135561356769,2764,4P,E,4P,E
270,480788242,864691135135632153,864691135976424003,2852,6P-IT,E,6P-IT,E
271,100044201,864691136362332898,864691135490901095,540,23P,E,6P-CT,E
272,260575315,864691135942113396,864691136273659838,12988,23P,E,23P,E
273,369872766,864691136031712955,864691135257151151,17128,4P,E,6P-CT,E
274,397868627,864691135884877424,864691136110206904,8464,4P,E,BC,I
275,411038906,864691135698664469,864691135114149785,11848,NGC,I,4P,E
276,302566306,864691136085069932,864691136926255178,2268,5P-IT,E,4P,E
277,306550381,864691136723359997,864691135386183765,276,4P,E,4P,E
278,269097830,864691135464525893,864691135578068997,6364,5P-IT,E,6P-IT,E
279,299446767,864691135082733559,864691135359599448,7056,23P,E,5P-NP,E
280,303760664,864691135338712038,864691135446319250,1564,6P-IT,E,5P-IT,E
281,9263820,864691136423497263,864691136828389092,324,23P,E,23P,E
282,197507409,864691136066426008,864691135740439188,4124,6P-CT,E,6P-IT,E
283,417843797,864691136194422742,864691136952638687,396,23P,E,23P,E
284,313939441,864691135937687044,864691135800700002,5140,5P-IT,E,6P-IT,E
285,223540014,864691135349326551,864691135446530706,5972,23P,E,6P-IT,E
286,93327109,864691135383590891,864691135502977205,368,4P,E,4P,E
287,312461847,864691136618263003,864691135273177105,5920,4P,E,5P-IT,E
288,445062520,864691136926414666,864691136672988551,1920,NGC,I,BPC,I
289,33886707,864691136578247700,864691135687889632,5868,5P-IT,E,4P,E
290,214330702,864691135991479745,864691135342081713,19880,5P-IT,E,6P-IT,E
291,409751890,864691136618454157,864691136522574993,11100,6P-IT,E,23P,E
292,246428955,864691136194032342,864691136594914722,4788,4P,E,6P-CT,E
293,440603224,864691136951473887,864691136041983318,9496,6P-CT,E,6P-CT,E
294,281264083,864691135786264772,864691135867055638,1476,6P-CT,E,6P-CT,E
295,319335550,864691135699290658,864691135416541626,1128,4P,E,4P,E
296,103988272,864691137197711169,864691136266685335,184,4P,E,4P,E
297,60624215,864691135876808531,864691136256106637,428,6P-CT,E,6P-CT,E
298,309766957,864691135472746290,864691135759554382,4464,6P-CT,E,4P,E
299,285152020,864691136143400244,864691136274599437,4224,23P,E,MC,I
300,462447020,864691136137479549,864691135687849440,812,6P-IT,E,6P-CT,E
301,119572936,864691135278649249,864691136012563619,4200,4P,E,MC,I
302,379520129,864691135278952097,864691136534664610,2216,23P,E,4P,E
303,420369871,864691135654994626,864691135586097020,4352,4P,E,BC,I
304,86692551,864691136362596834,864691135059271323,10980,23P,E,23P,E
305,244038682,864691136011791267,864691135995273898,256,23P,E,23P,E
306,124881884,864691135594315819,864691136309662298,4716,23P,E,NGC,I
307,242053605,864691136391316095,864691135661320688,5060,6P-CT,E,6P-IT,E
308,488176486,864691136990853781,864691135749595433,5312,5P-IT,E,BC,I
309,375644643,864691135463970110,864691135777148845,828,23P,E,23P,E
310,74373167,864691135816511567,864691136009217196,188,4P,E,4P,E
311,350043417,864691135156965220,864691136286563779,2612,BC,I,5P-IT,E
312,75089271,864691136123681318,864691135539030386,2796,5P-IT,E,5P-IT,E
313,474842603,864691136144537908,864691136365262711,228,6P-IT,E,6P-CT,E
314,308415528,864691136521566865,864691136388764023,16828,6P-CT,E,5P-ET,E
315,478617858,864691136673155463,864691136201977790,212,BC,I,MC,I
316,320802557,864691135685095607,864691135273828113,5332,5P-NP,E,BC,I
317,217717654,864691135502268738,864691136144252468,7248,6P-IT,E,BC,I
318,397823807,864691136287467715,864691135696870554,3580,23P,E,23P,E
319,99182829,864691135100362784,864691136391230847,11468,6P-IT,E,6P-IT,E
320,242660809,864691136910850158,864691135739955092,3408,6P-CT,E,BC,I
321,8996381,864691136118899736,864691134964864799,8604,23P,E,23P,E
322,65267899,864691136723526397,864691135565622615,14612,4P,E,6P-IT,E
323,372088919,864691136101069941,864691136195150156,13480,23P,E,4P,E
324,78543683,864691135156313956,864691135498025491,3828,NGC,I,23P,E
325,360900107,864691135947175265,864691135182715906,5888,MC,I,4P,E
326,346474711,864691135658887042,864691135754538701,18600,23P,E,6P-IT,E
327,439973782,864691135303577767,864691136090952372,10828,6P-IT,E,5P-ET,E
328,455753091,864691136482857516,864691135474656320,24640,6P-IT,E,6P-IT,E
329,427034244,864691135013859734,864691136443747459,33564,23P,E,23P,E
330,469696248,864691135754399949,864691135816371791,668,6P-IT,E,6P-IT,E
331,188702592,864691135753932237,864691136390930047,14448,4P,E,4P,E
332,141274739,864691135335363305,864691136108939704,8868,5P-IT,E,6P-IT,E
333,347583747,864691135387609217,864691135491314151,3380,4P,E,5P-IT,E
334,55154893,864691135509589769,864691135658696322,13696,5P-IT,E,6P-CT,E
335,406255898,864691135518098058,864691135968901477,1932,6P-IT,E,6P-IT,E
336,179890933,864691135274644453,864691136272945598,256,5P-ET,E,5P-IT,E
337,381687879,864691135841706211,864691135778029501,4304,6P-CT,E,6P-IT,E
338,173530323,864691136419238551,864691136725020413,1228,4P,E,4P,E
339,393943901,864691135700648226,864691135571806445,15248,23P,E,MC,I
340,352982986,864691135233112409,864691135910650281,1840,6P-IT,E,6P-CT,E
341,147887389,864691135293889292,864691135059192987,13260,6P-IT,E,6P-IT,E
342,354763134,864691136391299967,864691135511566032,2232,6P-CT,E,4P,E
343,231649916,864691135386900609,864691135162777133,34984,23P,E,23P,E
344,169565158,864691135464009629,864691135697054362,11284,6P-IT,E,5P-ET,E
345,95296277,864691136923497188,864691135838704275,7976,6P-IT,E,6P-CT,E
346,97690798,864691136595223458,864691135701224827,188,5P-IT,E,6P-CT,E
347,83321721,864691136776702062,864691136912642289,21236,5P-IT,E,5P-IT,E
348,100837633,864691135783147571,864691135995392426,5036,6P-IT,E,BC,I
349,122503076,864691135754399437,864691134965279263,3776,23P,E,23P,E
350,35262624,864691136595470498,864691135755432914,12680,6P-IT,E,6P-IT,E
351,231564243,864691136090901428,864691135213416504,1648,5P-IT,E,6P-IT,E
352,333379640,864691136090069559,864691135454938474,13404,5P-NP,E,23P,E
353,314312245,864691135387440257,864691135135476249,8792,6P-IT,E,6P-IT,E
354,371057978,864691135919667632,864691136617447899,4744,4P,E,23P,E
355,35040548,864691136818717294,864691135941163124,1984,5P-IT,E,6P-IT,E
356,484993715,864691136903532210,864691135658611842,684,BPC,I,23P,E
357,358134054,864691135394403317,864691136089964343,4436,6P-IT,E,23P,E
358,269606153,864691135946637921,864691135884724336,3068,6P-IT,E,6P-IT,E
359,29626999,864691135561538529,864691135502437301,4788,4P,E,BPC,I
360,314924750,864691136237527868,864691135617068393,10964,6P-CT,E,6P-IT,E
361,428223767,864691136912634609,864691135428854576,3360,4P,E,23P,E
362,174933184,864691135477535144,864691135468586636,19492,5P-IT,E,4P,E
363,321982018,864691136137450621,864691135498429459,5368,6P-IT,E,6P-CT,E
364,187736663,864691135925507086,864691135687843040,784,23P,E,23P,E
365,167295166,864691136194769878,864691135658974082,5816,5P-IT,E,5P-IT,E
366,91032409,864691135278716321,864691136009169836,7712,4P,E,6P-CT,E
367,409642073,864691135355803599,864691135645339631,5080,5P-NP,E,6P-IT,E
368,248483981,864691135781630544,864691136009452206,956,23P,E,23P,E
369,69603450,864691135838640275,864691136091526836,5192,BC,I,23P,E
370,290410016,864691136021300728,864691135754606546,3496,23P,E,5P-IT,E
371,70141693,864691135571992101,864691137054779510,908,4P,E,23P,E
372,285333744,864691135013677814,864691135082724599,224,6P-CT,E,BC,I
373,61215651,864691135937614596,864691135474597952,10440,6P-CT,E,6P-IT,E
374,246224439,864691135082686199,864691136907315310,13544,6P-CT,E,6P-CT,E
375,384476366,864691135701234555,864691135926546644,4704,4P,E,BC,I
376,112693475,864691136091451060,864691135614305995,3188,4P,E,4P,E
377,239373114,864691135610296583,864691135510267401,2708,6P-CT,E,6P-CT,E
378,351968117,864691136973683740,864691135864438910,14624,5P-IT,E,6P-IT,E
379,360019655,864691135446808722,864691135877220179,2724,BC,I,5P-ET,E
380,74971149,864691135953751560,864691135502357341,4152,BPC,I,BC,I
381,319442356,864691136106498265,864691135864978814,10124,6P-IT,E,BC,I
382,430160428,864691135748977961,864691135725481387,3548,23P,E,BC,I
383,221712291,864691135915888230,864691135925544974,360,23P,E,23P,E
384,56015180,864691136371136392,864691136813111923,2324,6P-CT,E,6P-IT,E
385,228094051,864691136088946231,864691135492364639,192,23P,E,23P,E
386,408504037,864691135182712578,864691135684105458,808,6P-CT,E,6P-IT,E
387,106261320,864691135013620630,864691135947378529,7164,6P-CT,E,6P-IT,E
388,389657765,864691135479248582,864691135851999943,2768,23P,E,BC,I
389,59036769,864691135737522564,864691135782393139,3784,6P-IT,E,6P-IT,E
390,218662152,864691135292903606,864691134965184287,2924,6P-IT,E,6P-IT,E
391,391747936,864691136105510873,864691135919641520,10852,6P-CT,E,5P-ET,E
392,78344613,864691135156428132,864691135383396570,10640,NGC,I,23P,E
393,88687724,864691136005270730,864691135927312340,16256,23P,E,23P,E
394,229118472,864691136009883054,864691136952252383,4728,5P-IT,E,4P,E
395,201288463,864691135565870679,864691135976729667,6476,23P,E,NGC,I
396,92378030,864691135472907058,864691135539128178,10380,6P-IT,E,6P-CT,E
397,206624532,864691136601561553,864691135867627542,3632,6P-CT,E,4P,E
398,287326775,864691135678315204,864691137054838646,3504,BC,I,6P-IT,E
399,172168796,864691136362258402,864691135526800219,788,23P,E,23P,E
400,354367587,864691135890037385,864691136724121853,33348,23P,E,5P-ET,E
401,480808735,864691135498530579,864691135334800105,3932,6P-CT,E,BC,I
402,295761236,864691135526784091,864691135210850752,552,23P,E,5P-IT,E
403,395044621,864691135498506259,864691136117090468,21132,6P-IT,E,6P-IT,E
404,459640673,864691136741353052,864691135307451718,4040,6P-CT,E,6P-IT,E
405,359179426,864691134988419962,864691136009415340,744,BC,I,BC,I
406,343220628,864691135478290630,864691136041882198,3836,23P,E,BPC,I
407,63210206,864691136041476182,864691135133384608,4176,23P,E,23P,E
408,76365659,864691135889524105,864691134885675770,3572,6P-CT,E,6P-CT,E
409,198259101,864691135303717543,864691135156540516,3376,23P,E,23P,E
410,422869477,864691135213713280,864691135490825319,3916,6P-IT,E,6P-CT,E
411,143536265,864691137054226294,864691135645503727,7388,5P-IT,E,5P-IT,E
412,218887031,864691136390425727,864691136907510894,11440,23P,E,MC,I
413,326531261,864691135749558057,864691135118655197,268,6P-CT,E,6P-IT,E
414,191671749,864691135114153113,864691136444798851,5780,4P,E,4P,E
415,185824901,864691135778762941,864691136371753096,9032,4P,E,23P,E
416,371803614,864691135575868658,864691135991807178,11184,BPC,I,NGC,I
417,485044188,864691136296693787,864691135614517707,720,4P,E,BPC,I
418,223350562,864691135859653224,864691135867631638,18656,4P,E,23P,E
419,140639008,864691136195153384,864691135852060871,5236,4P,E,4P,E
420,293070349,864691135698212629,864691135953453603,4592,5P-NP,E,5P-ET,E
421,297206824,864691135639785787,864691136741961052,2084,23P,E,23P,E
422,334498220,864691136238389308,864691135697234842,2088,23P,E,5P-IT,E
423,254644840,864691135783012659,864691136137542013,2376,4P,E,4P,E
424,311603705,864691135489095738,864691135856145454,216,23P,E,23P,E
425,362535295,864691135104945997,864691136536137634,656,5P-NP,E,5P-ET,E
426,311612179,864691135810124236,864691135919316656,22744,6P-IT,E,6P-IT,E
427,384168534,864691135859754600,864691136723388925,2860,23P,E,BC,I
428,132572760,864691136812334963,864691136176173318,20684,23P,E,23P,E
429,81900312,864691135738524017,864691135338793446,10076,23P,E,23P,E
430,265301970,864691135772435195,864691136674025351,17064,23P,E,4P,E
431,98613547,864691135476978088,864691135581798765,18536,6P-IT,E,BC,I
432,378574676,864691135927552724,864691135945664804,4700,23P,E,5P-ET,E
433,386461256,864691136057024216,864691135816677711,12472,4P,E,BC,I
434,473184459,864691135969762149,864691135758500686,6724,23P,E,BC,I
435,79965501,864691136056386008,864691135293899788,1416,23P,E,23P,E
436,88059395,864691135468854354,864691135731223225,1224,6P-CT,E,6P-IT,E
437,288130782,864691135464328005,864691135335106025,13160,6P-CT,E,6P-IT,E
438,198119807,864691136238187324,864691135463138366,2256,6P-CT,E,6P-CT,E
439,324337361,864691135738232689,864691136390791551,13020,6P-IT,E,MC,I
440,83278056,864691136723472381,864691135941180532,17828,23P,E,4P,E
441,266188708,864691135582474093,864691135749346089,12916,5P-ET,E,5P-ET,E
442,98282379,864691137019776622,864691136209567420,2280,23P,E,4P,E
443,194429394,864691135617065065,864691135987947011,764,BC,I,23P,E
444,292557028,864691135392073458,864691135463226269,3552,4P,E,4P,E
445,315524083,864691135952762147,864691134964864543,2808,6P-CT,E,BC,I
446,169437580,864691136966630094,864691136237244431,6684,6P-IT,E,6P-CT,E
447,228195375,864691135545414696,864691135947700321,9236,4P,E,5P-ET,E
448,276688018,864691135730197433,864691135684185330,204,6P-CT,E,6P-IT,E
449,480662850,864691134885513466,864691135468369804,1384,6P-IT,E,MC,I
450,73849565,864691136310928730,864691136237521212,916,BC,I,23P,E
451,269529750,864691135194877738,864691135874512014,6408,6P-IT,E,MC,I
452,109175852,864691135694097087,864691136424311087,1124,NGC,I,5P-ET,E
453,40112820,864691135181816834,864691135374635081,6220,6P-IT,E,5P-ET,E
454,348029209,864691135182729218,864691135013518838,4884,23P,E,MC,I
455,187770456,864691136287670723,864691135491977959,7928,23P,E,23P,E
456,111197516,864691135786204100,864691136698610542,1456,6P-CT,E,6P-IT,E
457,16922462,864691136388715383,864691135848779358,2420,23P,E,MC,I
458,454152525,864691135135447065,864691135753608141,5224,23P,E,4P,E
459,254178596,864691136741045340,864691135441331784,7656,23P,E,23P,E
460,506171692,864691135468412300,864691136595253410,1552,6P-CT,E,6P-CT,E
461,465603248,864691136594494626,864691135693588927,596,4P,E,23P,E
462,492070492,864691135684523447,864691136274021389,752,4P,E,BC,I
463,320637967,864691135270415781,864691136025266233,2880,23P,E,5P-IT,E
464,420989737,864691136723476733,864691135993757386,2268,5P-IT,E,4P,E
465,361119392,864691136965850830,864691135616717929,3348,6P-IT,E,6P-IT,E
466,404104016,864691135889617033,864691134940025955,3264,23P,E,BC,I
467,142668457,864691135441283656,864691135684284914,928,6P-CT,E,BC,I
468,445862395,864691134941154403,864691135335744745,6888,23P,E,BC,I
469,58352357,864691136040038142,864691135762426166,496,23P,E,23P,E
470,60340333,864691135919338160,864691135462694462,9892,4P,E,MC,I
471,259133235,864691135561415649,864691135488253242,400,4P,E,4P,E
472,331627414,864691135738596209,864691136329994986,4376,23P,E,5P-NP,E
473,192491111,864691135338254310,864691136912015089,3872,5P-ET,E,5P-IT,E
474,133184997,864691136740800092,864691136310163802,1368,23P,E,5P-IT,E
475,220441779,864691135345877663,864691136228646225,8992,4P,E,BC,I
476,24596597,864691136123778598,864691135807292189,19720,6P-IT,E,6P-IT,E
477,78141828,864691135684988855,864691136740851036,4008,23P,E,BC,I
478,85695325,864691135952843555,864691135293800972,3140,23P,E,23P,E
479,347495671,864691136297681691,864691135082715127,492,6P-IT,E,6P-IT,E
480,321605949,864691134988434298,864691135565545815,212,NGC,I,4P,E
481,297350776,864691136237529148,864691135952861475,400,6P-CT,E,23P,E
482,287554066,864691135810292172,864691136437417630,1752,6P-CT,E,6P-IT,E
483,326267970,864691135989717248,864691136195079126,4792,MC,I,4P,E
484,425344519,864691135489090362,864691135571387117,6496,5P-IT,E,BC,I
485,387221439,864691135926605582,864691135700275490,4400,MC,I,6P-IT,E
486,99358050,864691136324940254,864691135491023847,4532,6P-CT,E,6P-IT,E
487,372924386,864691135464454469,864691136543315362,7156,BC,I,MC,I
488,54267957,864691136816424814,864691135741031787,2752,BC,I,6P-CT,E
489,132370122,864691135610023943,864691136050857203,10132,4P,E,5P-IT,E
490,55243428,864691135082697975,864691135777096893,3436,5P-ET,E,5P-IT,E
491,59611741,864691136486800658,864691135518374794,4628,4P,E,4P,E
492,49103801,864691135725629503,864691135590791691,19868,BPC,I,6P-IT,E
493,389236720,864691135687799520,864691135565487383,2200,23P,E,23P,E
494,201472509,864691134885474554,864691135808356125,4820,6P-CT,E,6P-IT,E
495,251654238,864691135469088594,864691135526056027,1548,4P,E,MC,I
496,480654866,864691136365309047,864691136116820388,3812,6P-IT,E,6P-IT,E
497,199996738,864691135876651347,864691136703236974,216,6P-IT,E,5P-IT,E
498,22014714,864691136483631916,864691136419540375,1948,23P,E,4P,E
499,173308607,864691136903003314,864691135889280137,1880,23P,E,23P,E
500,373775288,864691135910654377,864691135759395662,9748,6P-IT,E,6P-CT,E
501,208451620,864691136812660334,864691136334945203,7112,4P,E,5P-IT,E
502,395904091,864691135568529388,864691135441270600,13812,4P,E,23P,E
503,354315903,864691135738429041,864691135848648286,976,5P-IT,E,5P-ET,E
504,345681873,864691134988447354,864691135278714017,5464,4P,E,BC,I
505,148440705,864691135441832520,864691135464069182,2944,4P,E,BC,I
506,34338499,864691135360811847,864691136008465324,5536,5P-ET,E,4P,E
507,108399485,864691135475603008,864691135275136997,9208,4P,E,4P,E
508,475520604,864691134947972604,864691136751786606,49344,23P,E,5P-ET,E
509,349914021,864691136904184754,864691135989050058,7932,5P-IT,E,4P,E
510,267344318,864691135367645689,864691135808365853,348,5P-ET,E,MC,I
511,56212910,864691135408168649,864691135594374955,308,6P-CT,E,6P-IT,E
512,387654583,864691135475771968,864691135864485502,14208,6P-IT,E,MC,I
513,326099643,864691136673733255,864691135848864094,3328,4P,E,BC,I
514,438165487,864691136444461443,864691136135215243,5864,23P,E,23P,E
515,432965031,864691135568594924,864691135293836044,884,MC,I,6P-IT,E
516,244120467,864691136966645198,864691135578098949,396,23P,E,MC,I
517,335196272,864691135954634760,864691135837211283,4756,6P-IT,E,6P-IT,E
518,120221959,864691135865507461,864691135014285974,4936,BPC,I,MC,I
519,358220574,864691135889328777,864691135571980837,1140,23P,E,4P,E
520,46599836,864691135927296468,864691135468493452,5628,23P,E,4P,E
521,128255243,864691135518692036,864691135991658689,3348,6P-CT,E,6P-IT,E
522,371856046,864691135645453039,864691136811804531,4824,5P-NP,E,BC,I
523,299585518,864691136135802763,864691135012814070,13296,5P-IT,E,MC,I
524,212864202,864691135658810242,864691136662903774,2728,6P-IT,E,4P,E
525,44101712,864691136004710090,864691135477023656,460,NGC,I,BC,I
526,109790623,864691136065280664,864691135341993649,6204,4P,E,23P,E
527,346699315,864691135104015693,864691136051753971,7612,4P,E,23P,E
528,394878705,864691135590680075,864691135429482032,1000,6P-CT,E,6P-IT,E
529,250826722,864691135994574762,864691135688249312,1356,4P,E,4P,E
530,325201066,864691134917418762,864691135464271685,640,4P,E,23P,E
531,481239966,864691135759933885,864691135927344084,2224,MC,I,6P-IT,E
532,44532337,864691135569467014,864691135345251231,2696,23P,E,23P,E
533,285511031,864691135755538386,864691135926927118,9012,4P,E,BC,I
534,452693739,864691135303958183,864691135373646409,160,5P-IT,E,6P-IT,E
535,469696020,864691135586093692,864691135776698285,5576,6P-IT,E,6P-IT,E
536,214286311,864691135755100365,864691135657779074,3396,23P,E,6P-IT,E
537,333410240,864691135737753988,864691135884807792,4788,4P,E,4P,E
538,76356607,864691135516766419,864691134885653242,356,6P-CT,E,6P-IT,E
539,281343096,864691135510414032,864691135726251839,12572,6P-CT,E,5P-ET,E
540,167689084,864691136673604743,864691135940617126,6784,23P,E,5P-ET,E
541,280508483,864691136740824412,864691135348753623,3060,6P-IT,E,5P-ET,E
542,441173937,864691135936595971,864691135572115493,7068,4P,E,BC,I
543,56312746,864691136391094911,864691135942005364,2144,6P-IT,E,6P-IT,E
544,34534728,864691135762622006,864691135740582292,4956,4P,E,5P-ET,E
545,229046033,864691136032202171,864691135462846877,14880,23P,E,23P,E
546,62513791,864691135274525413,864691135816381263,1712,BC,I,23P,E
547,79638018,864691136673655687,864691136746178532,3816,4P,E,4P,E
548,82846887,864691135758535502,864691135383659499,9460,23P,E,23P,E
549,260221457,864691136522316689,864691136309666138,224,5P-IT,E,BC,I
550,283097712,864691136175526406,864691135915881574,208,23P,E,23P,E
551,387987131,864691135394970101,864691135446266770,320,5P-ET,E,6P-IT,E
552,269962104,864691136296667675,864691135472886578,8696,5P-IT,E,23P,E
553,167810871,864691135195417642,864691135810350028,2520,5P-IT,E,BC,I
554,283090869,864691135468534412,864691136040508670,9904,4P,E,5P-IT,E
555,340625205,864691135974761839,864691135587767026,6300,BPC,I,BPC,I
556,362285496,864691135397340961,864691135940453798,3816,6P-IT,E,6P-IT,E
557,210298617,864691135783125043,864691136488007442,7544,6P-IT,E,6P-IT,E
558,361657071,864691135233874265,864691135474605376,2648,6P-IT,E,BC,I
559,288972244,864691135584648056,864691136595509922,1740,6P-IT,E,6P-IT,E
560,365628393,864691136065821592,864691136020831736,304,MC,I,23P,E
561,361486724,864691135509474825,864691135495137680,4440,6P-IT,E,BC,I
562,142827552,864691136032492731,864691135394777845,628,6P-IT,E,6P-CT,E
563,251105770,864691135123329575,864691135275983589,5244,4P,E,BC,I
564,88912491,864691136020217336,864691136663160798,15904,4P,E,4P,E
565,346679496,864691135491892063,864691135987468291,7952,6P-CT,E,6P-CT,E
566,9412614,864691135403774702,864691136618478477,1536,23P,E,23P,E
567,383747658,864691135940375974,864691136380244693,404,4P,E,5P-IT,E
568,197731939,864691135538050674,864691135848661854,1708,23P,E,23P,E
569,295581428,864691135510496464,864691135211131072,22080,4P,E,4P,E
570,272982254,864691135565264919,864691136275232269,3612,6P-IT,E,5P-IT,E
571,163330781,864691136974899484,864691135113621145,12504,6P-IT,E,6P-CT,E
572,368384816,864691136540308386,864691135468466316,7528,6P-IT,E,6P-IT,E
573,55014268,864691135491346919,864691134989469818,496,4P,E,23P,E
574,120301120,864691136009156780,864691136925928778,3484,6P-IT,E,6P-IT,E
575,82563087,864691135585810556,864691136041957718,276,6P-IT,E,6P-CT,E
576,247321197,864691135323729308,864691136707398518,7064,4P,E,MC,I
577,91066048,864691135987950339,864691135276324837,2300,6P-IT,E,6P-CT,E
578,251372197,864691135697307290,864691135123090471,4748,5P-IT,E,5P-IT,E
579,406213922,864691135475821376,864691135565679447,3460,23P,E,5P-ET,E
580,468695779,864691136041023318,864691135013305590,508,23P,E,23P,E
581,413236068,864691135838013843,864691136108938168,2940,23P,E,23P,E
582,103361917,864691136227703633,864691135304627879,5396,4P,E,BC,I
583,487627929,864691135495147152,864691134965284639,192,23P,E,23P,E
584,303521925,864691136005584330,864691136569235362,3216,6P-CT,E,MC,I
585,352188049,864691136724748797,864691135732172692,16148,4P,E,MC,I
586,320702309,864691135502630237,864691135758991182,3324,4P,E,5P-ET,E
587,76425175,864691136209949372,864691135658620546,11652,6P-CT,E,BC,I
588,502977701,864691135927228372,864691136951594719,2832,4P,E,BC,I
589,202850830,864691135848723294,864691135517376211,9108,5P-IT,E,5P-ET,E
590,483837004,864691136723518461,864691136175087622,13856,4P,E,5P-IT,E
591,445022249,864691135565793879,864691136298180123,8200,5P-IT,E,BC,I
592,20281639,864691135497661715,864691136288787351,460,23P,E,23P,E
593,17031855,864691135939652262,864691135502580061,260,BPC,I,23P,E
594,301628792,864691136267257076,864691135658640258,2028,23P,E,23P,E
595,301644715,864691135777423456,864691135374547273,8928,5P-IT,E,6P-IT,E
596,37405803,864691135848807774,864691136085056620,2456,23P,E,23P,E
597,330074124,864691135754041549,864691135888523145,8092,6P-IT,E,6P-IT,E
598,148674369,864691135759428686,864691136701749102,3004,6P-IT,E,6P-IT,E
599,264828037,864691135992215489,864691136089826871,800,4P,E,BPC,I
600,138275340,864691135860283240,864691135511552464,1388,23P,E,23P,E
601,32007425,864691136311818301,864691135447447636,5048,23P,E,23P,E
602,358990059,864691135698345237,864691135939636134,8932,4P,E,BC,I
603,186743179,864691136334789811,864691136903658162,2196,23P,E,23P,E
604,250001805,864691136741525596,864691135918770608,3040,MC,I,5P-IT,E
605,324677841,864691135058844827,864691135454926954,20724,4P,E,5P-IT,E
606,342259826,864691135162880301,864691135345682591,6400,23P,E,23P,E
607,224368362,864691135544448296,864691135291746486,7584,6P-IT,E,6P-IT,E
608,474405729,864691136483654956,864691136119356184,5200,6P-CT,E,6P-CT,E
609,330341136,864691135925567758,864691136444480643,4620,23P,E,23P,E
610,419554843,864691135618628495,864691135576140830,2280,6P-IT,E,BC,I
611,456738177,864691135927645140,864691135851051463,1200,6P-IT,E,6P-IT,E
612,426218377,864691136522142097,864691136334420915,10600,5P-ET,E,5P-ET,E
613,79476401,864691135700171810,864691136391367039,5096,4P,E,4P,E
614,80349271,864691135945974564,864691136009864110,9748,4P,E,23P,E
615,395121477,864691135156333668,864691136551074466,11276,MC,I,BPC,I
616,316655608,864691135755637714,864691135718822193,4820,5P-ET,E,23P,E
617,126707571,864691135594381099,864691137020757358,4832,6P-CT,E,4P,E
618,32328044,864691136119557457,864691136290186903,4148,NGC,I,23P,E
619,168871675,864691135946575140,864691136273875390,3852,23P,E,5P-ET,E
620,127307191,864691136195271400,864691135447666772,16408,23P,E,5P-ET,E
621,57393544,864691135753668813,864691135786303428,2940,23P,E,23P,E
622,408726552,864691135975863875,864691135616556393,852,6P-IT,E,6P-CT,E
623,200078329,864691136208987580,864691135463505821,2372,23P,E,5P-ET,E
624,232987616,864691136388289911,864691135569840518,3368,4P,E,23P,E
625,356642502,864691136380137941,864691136008812204,3872,BC,I,23P,E
626,439986673,864691135975573615,864691136546284962,8132,23P,E,MC,I
627,127677841,864691136040178686,864691135889378441,6592,6P-IT,E,5P-ET,E
628,341680527,864691135408286153,864691137020733550,496,23P,E,23P,E
629,223159388,864691135502326594,864691135489467194,848,23P,E,BC,I
630,322646953,864691136924072932,864691135565262359,2100,BC,I,23P,E
631,387935565,864691135472985650,864691136106571225,8616,4P,E,4P,E
632,38968606,864691135123285287,864691136274016525,4548,23P,E,BC,I
633,295138482,864691135194978602,864691136437276318,2000,MC,I,6P-IT,E
634,498504488,864691136209554876,864691135278973089,256,BPC,I,5P-ET,E
635,397682184,864691136227755089,864691135916576614,6920,6P-IT,E,5P-IT,E
636,366590960,864691135776982189,864691135526666075,4868,5P-ET,E,6P-IT,E
637,213493495,864691135013912470,864691135384023787,2176,4P,E,5P-ET,E
638,432069148,864691136310565722,864691135213937720,4240,23P,E,23P,E
639,120109665,864691137020765806,864691135584909688,2804,BC,I,5P-IT,E
640,55756732,864691136008393900,864691136762180974,10040,6P-IT,E,5P-ET,E
641,40281829,864691134964691231,864691135156462948,3220,5P-IT,E,6P-CT,E
642,66062125,864691135183064578,864691136329645802,2032,6P-IT,E,5P-ET,E
643,381287316,864691135516673491,864691135113949849,3772,6P-CT,E,MC,I
644,435010911,864691135383475418,864691135786179780,12184,5P-IT,E,6P-IT,E
645,325306307,864691135938492981,864691136008479404,2052,4P,E,4P,E
646,308604174,864691136124184102,864691136051823347,2244,MC,I,23P,E
647,120516156,864691136100634997,864691135511524816,8108,6P-IT,E,5P-ET,E
648,123579980,864691136008986030,864691135213248640,4720,5P-ET,E,6P-IT,E
649,175656166,864691135685297591,864691135585782908,4480,4P,E,MC,I
650,450042222,864691136195034088,864691136088968503,1636,6P-IT,E,6P-IT,E
651,290359842,864691135560915681,864691136194183656,356,5P-IT,E,5P-ET,E
652,140989236,864691135759876686,864691135731711417,960,5P-NP,E,BC,I
653,408701453,864691135383729643,864691136310674522,172,6P-IT,E,6P-IT,E
654,356942001,864691135323241884,864691135565446167,216,4P,E,4P,E
655,167377026,864691135065680452,864691135502338370,896,6P-IT,E,6P-CT,E
656,224632085,864691136125058342,864691135294363916,19248,6P-IT,E,5P-IT,E
657,478905025,864691135781606480,864691136937175775,4604,4P,E,5P-NP,E
658,374870011,864691136209503676,864691135992403393,15508,6P-IT,E,6P-IT,E
659,260116470,864691135946400036,864691135754608850,6848,6P-CT,E,6P-IT,E
660,78168082,864691135404637166,864691136741460828,772,23P,E,23P,E
661,176317870,864691136005624778,864691135133444768,3472,6P-IT,E,6P-IT,E
662,428161250,864691135919186352,864691135800588386,5280,6P-IT,E,6P-IT,E
663,368337091,864691136672938887,864691135323962524,3492,6P-IT,E,BC,I
664,471558227,864691135715952410,864691136521597073,1160,4P,E,BC,I
665,327457149,864691135468643212,864691135162807597,6328,23P,E,5P-ET,E
666,204153412,864691135473465394,864691135586376316,228,6P-CT,E,5P-IT,E
667,417180067,864691135946997601,864691137020295790,744,4P,E,4P,E
668,366040058,864691135731192505,864691135841629667,1628,4P,E,6P-IT,E
669,234708031,864691135374011848,864691135383847403,1260,BC,I,BC,I
670,367215975,864691136108731576,864691135684892599,13244,6P-IT,E,6P-CT,E
671,336347590,864691136924080356,864691135565262359,4052,NGC,I,23P,E
672,389888793,864691135581591661,864691135013934230,6660,23P,E,BC,I
673,119193395,864691136740407388,864691136100710261,3136,MC,I,4P,E
674,129149352,864691136238388284,864691136195209292,1940,23P,E,23P,E
675,488201923,864691136227862097,864691135936853507,1472,4P,E,MC,I
676,318133259,864691136227933009,864691135739595412,3416,23P,E,MC,I
677,339437490,864691135117800925,864691135135476249,3048,6P-IT,E,6P-IT,E
678,434137917,864691135808156957,864691135211097536,2948,BC,I,BC,I
679,280731193,864691135754535378,864691136904184754,3068,6P-IT,E,5P-IT,E
680,378567281,864691135919356592,864691135210766016,1556,MC,I,23P,E
681,343563025,864691135570021254,864691134948266236,8536,BPC,I,23P,E
682,78225619,864691135279657633,864691134885805306,16404,6P-CT,E,5P-IT,E
683,435699483,864691135502923189,864691135383424218,9724,6P-IT,E,6P-IT,E
684,190679390,864691136090901940,864691136267358708,1732,6P-IT,E,6P-IT,E
685,444691123,864691136391330687,864691136951592927,396,23P,E,23P,E
686,360400417,864691136006144202,864691136866259822,328,6P-CT,E,5P-ET,E
687,361835030,864691135618496399,864691135468761938,4080,6P-IT,E,6P-IT,E
688,161673572,864691136143686452,864691135114279833,5140,6P-IT,E,BC,I
689,354185924,864691135661421296,864691136267083252,2680,5P-IT,E,6P-CT,E
690,78356833,864691135808272669,864691135273287441,1516,23P,E,BC,I
691,388917255,864691136554597282,864691135969369701,2880,5P-IT,E,6P-IT,E
692,432729911,864691135013410294,864691135782265424,5652,4P,E,23P,E
693,134153074,864691136923794148,864691135658888578,12204,4P,E,5P-IT,E
694,328484687,864691135800154210,864691136389144695,2296,6P-IT,E,6P-CT,E
695,66578596,864691135211443648,864691135754620109,4036,4P,E,5P-ET,E
696,218570197,864691135590724619,864691136084058988,1016,6P-IT,E,6P-CT,E
697,185376368,864691135539005554,864691135123209511,20296,23P,E,6P-IT,E
698,54933397,864691135493119940,864691136238641468,6680,23P,E,BC,I
699,491722103,864691135404421614,864691135936853507,3288,23P,E,MC,I
700,128840582,864691136487841042,864691135394712565,168,6P-IT,E,6P-CT,E
701,502411787,864691135135396889,864691135065309764,8564,6P-CT,E,5P-ET,E
702,279606595,864691135502515037,864691136577478420,560,23P,E,5P-IT,E
703,186245103,864691135341959877,864691135517663370,5288,23P,E,BPC,I
704,145169433,864691135582429549,864691136289482724,20124,23P,E,23P,E
705,57542700,864691135808316701,864691135491040871,5760,23P,E,23P,E
706,229570643,864691135586962930,864691135884900976,464,6P-IT,E,MC,I
707,401177441,864691135684334578,864691136566374050,4496,4P,E,BC,I
708,351215329,864691136673148295,864691135848874846,3232,4P,E,BC,I
709,110614134,864691135683429362,864691135374778697,6324,23P,E,23P,E
710,200223145,864691135953759240,864691135841783523,1664,6P-IT,E,6P-IT,E
711,209931898,864691135341369285,864691136286892227,9892,4P,E,4P,E
712,500343329,864691135679641586,864691135753634765,1288,MC,I,6P-IT,E
713,226422242,864691135397186337,864691136754824814,4636,23P,E,MC,I
714,227143809,864691134965363743,864691136066338712,1324,5P-IT,E,5P-IT,E
715,288862941,864691135700332066,864691135777861309,13300,23P,E,5P-IT,E
716,226509579,864691135335151081,864691136389826064,5060,23P,E,23P,E
717,302290526,864691135816503887,864691135865472220,35864,6P-IT,E,6P-CT,E
718,79128434,864691135415457722,864691135383659499,3500,6P-IT,E,23P,E
719,97308403,864691135810098636,864691136009245356,1688,6P-IT,E,6P-IT,E
720,218436078,864691135355882703,864691135777916861,4104,6P-CT,E,BC,I
721,415225940,864691135360105031,864691135989964234,1572,23P,E,6P-IT,E
722,342454614,864691135700202018,864691135182484226,7428,23P,E,23P,E
723,230009551,864691135838127763,864691135104385101,25916,23P,E,23P,E
724,287572057,864691134964725791,864691135182124802,10776,6P-CT,E,6P-IT,E
725,357730940,864691135012485622,864691136312852029,2616,23P,E,23P,E
726,211783646,864691135195699754,864691136912937969,3520,5P-IT,E,23P,E
727,223351146,864691136595510434,864691135429677872,1460,23P,E,4P,E
728,120756633,864691135516892115,864691135866091141,15176,BC,I,6P-IT,E
729,44538948,864691135590985739,864691135937154564,7516,5P-IT,E,5P-IT,E
730,170761672,864691136297393179,864691135615404491,12148,23P,E,BC,I
731,392668515,864691136724626173,864691136379315413,9884,4P,E,4P,E
732,460257945,864691134940788067,864691136025096761,5364,6P-CT,E,6P-IT,E
733,483927399,864691135991475905,864691136923707620,2168,6P-IT,E,6P-IT,E
734,500812699,864691135342041285,864691136723972605,4892,MC,I,BPC,I
735,107244833,864691135947773281,864691135395264501,744,4P,E,5P-IT,E
736,259133550,864691135163587629,864691136089177143,2552,4P,E,BC,I
737,245012120,864691135584800632,864691136051751923,5400,BC,I,4P,E
738,135747026,864691137019548270,864691135588299204,14376,6P-IT,E,6P-IT,E
739,321851046,864691136662413534,864691135740692843,2480,6P-IT,E,BC,I
740,67862683,864691136951646943,864691136662437598,8884,6P-IT,E,BC,I
741,245354945,864691135938334261,864691135661411568,784,6P-CT,E,MC,I
742,357394706,864691135570739693,864691135946624036,1876,5P-IT,E,23P,E
743,448824062,864691135640006203,864691136110005176,3424,23P,E,23P,E
744,205772146,864691135082726903,864691136334316723,576,23P,E,4P,E
745,146500582,864691135498042899,864691136990965141,2668,4P,E,4P,E
746,273890280,864691135740003476,864691136873765998,228,6P-CT,E,5P-IT,E
747,402500293,864691135876863827,864691135841399011,432,6P-CT,E,6P-CT,E
748,275617324,864691135304252583,864691136105886937,14016,5P-IT,E,MC,I
749,41921979,864691135771651659,864691135194395434,2624,5P-NP,E,5P-ET,E
750,401345884,864691136522421393,864691135584827768,2828,23P,E,BC,I
751,302795498,864691136144620852,864691135685084855,5212,4P,E,BC,I
752,47454185,864691135865604485,864691136362480610,6840,4P,E,BC,I
753,408454452,864691135687602656,864691135561304545,24836,23P,E,5P-IT,E
754,97776264,864691136423644463,864691135464230469,6324,4P,E,4P,E
755,442908600,864691136723600637,864691135696934554,4024,6P-IT,E,6P-CT,E
756,427068789,864691136297322011,864691135639894843,904,23P,E,BC,I
757,72635718,864691135772593227,864691136237493564,216,23P,E,BPC,I
758,175237909,864691135122337831,864691135718957105,8484,6P-CT,E,MC,I
759,160015735,864691135687848416,864691136085174380,488,6P-IT,E,MC,I
760,299504492,864691136595210402,864691134940797539,8804,4P,E,4P,E
761,499748457,864691135987851523,864691135687707360,10984,5P-ET,E,6P-CT,E
762,218409772,864691136091689396,864691135755533010,23224,6P-CT,E,6P-CT,E
763,200674533,864691135989068800,864691135473003314,1424,23P,E,23P,E
764,265114866,864691135693706687,864691135082235383,5956,23P,E,5P-ET,E
765,308450621,864691135463414846,864691135082275831,316,6P-CT,E,6P-IT,E
766,182583176,864691135781315920,864691136109298360,3552,5P-IT,E,MC,I
767,218192690,864691135696626842,864691135455040874,976,5P-IT,E,5P-ET,E
768,142668807,864691136436414366,864691135502268738,2628,6P-CT,E,6P-IT,E
769,313184002,864691136024646969,864691135478283974,3536,23P,E,23P,E
770,179249819,864691135975695983,864691135119068125,512,6P-IT,E,23P,E
771,391250771,864691136601582801,864691135995020970,1072,6P-CT,E,4P,E
772,227631085,864691135468566924,864691135429269808,22148,23P,E,5P-ET,E
773,28876632,864691136143416116,864691135560478177,1480,4P,E,BC,I
774,223509229,864691135194408234,864691135387482241,232,4P,E,4P,E
775,213954991,864691135429677872,864691135382976218,3444,4P,E,BC,I
776,399100331,864691135952830499,864691135468161164,3784,23P,E,23P,E
777,78232790,864691135738353777,864691135639615035,336,23P,E,23P,E
778,36085573,864691136210140860,864691135544648744,3072,6P-IT,E,6P-IT,E
779,161390187,864691135614955467,864691136662229470,7740,5P-IT,E,5P-IT,E
780,394567682,864691135386388565,864691136012349603,4108,4P,E,BC,I
781,454621237,864691136390860927,864691136594897314,3192,6P-CT,E,5P-IT,E
782,198133514,864691135661207024,864691135947091297,5344,6P-CT,E,6P-CT,E
783,298031348,864691135749024297,864691135270505893,15704,NGC,I,23P,E
784,317883206,864691135291732150,864691135515949267,6288,4P,E,MC,I
785,456022333,864691135342171057,864691136945637343,12976,4P,E,MC,I
786,343068378,864691136091809972,864691136286568131,2724,23P,E,23P,E
787,395789075,864691135941015553,864691136116893348,10996,6P-IT,E,6P-IT,E
788,133451716,864691135394977269,864691135279448737,3692,5P-ET,E,5P-ET,E
789,7011121,864691135210005184,864691135582471277,4200,4P,E,23P,E
790,404837539,864691135941585524,864691135182107906,19248,23P,E,BPC,I
791,461812798,864691135133477792,864691136945771999,1900,6P-CT,E,6P-CT,E
792,353995199,864691136004476362,864691136437146014,416,6P-IT,E,6P-IT,E
793,304227438,864691135586059900,864691135360959815,3912,NGC,I,23P,E
794,65030935,864691136419541143,864691136106349273,4196,23P,E,23P,E
795,260973535,864691136136993917,864691135213578112,12496,5P-NP,E,MC,I
796,251820650,864691136973665052,864691136020703224,9168,5P-NP,E,MC,I
797,204657633,864691136005549704,864691135335236585,956,BC,I,5P-NP,E
798,262230731,864691135575852574,864691136106547161,3920,6P-IT,E,5P-IT,E
799,85073834,864691135469446482,864691136681183854,16012,6P-CT,E,5P-IT,E
800,326425675,864691136521820305,864691136210185660,9452,4P,E,5P-IT,E
801,174671206,864691135772491339,864691135783139123,500,6P-CT,E,6P-CT,E
802,81456519,864691135270385061,864691135975364207,3040,23P,E,23P,E
803,424042712,864691135118894813,864691135952832035,9824,4P,E,MC,I
804,434130876,864691135941891444,864691135915909478,480,23P,E,23P,E
805,254129326,864691137198526273,864691135334495209,7376,23P,E,23P,E
806,191112913,864691135586376316,864691135778290109,3384,5P-IT,E,BC,I
807,361609773,864691135684242162,864691136924230884,4552,6P-CT,E,6P-CT,E
808,33279335,864691135502722397,864691135616898665,5604,23P,E,MC,I
809,444760471,864691135454077290,864691135755635154,284,5P-IT,E,5P-IT,E
810,498600789,864691135104946765,864691135162690605,19840,4P,E,4P,E
811,168609647,864691136973651740,864691136662981086,2696,MC,I,4P,E
812,448919203,864691135341169329,864691135927352788,9248,4P,E,BC,I
813,431465152,864691135679772914,864691136662238174,2324,MC,I,5P-IT,E
814,82683677,864691135741060203,864691135489236026,4960,6P-CT,E,5P-ET,E
815,300800634,864691136487232530,864691135776989792,5376,23P,E,23P,E
816,97399767,864691136065819032,864691136042152022,5272,6P-CT,E,6P-IT,E
817,104776078,864691136700892270,864691135645292783,660,6P-CT,E,6P-CT,E
818,200818673,864691135429769520,864691135927451860,3008,23P,E,5P-IT,E
819,106845217,864691135195471658,864691134965382943,948,6P-IT,E,6P-CT,E
820,420707910,864691135946462244,864691136423703855,11036,5P-IT,E,4P,E
821,155341850,864691135988030723,864691136708869230,192,6P-IT,E,6P-CT,E
822,402027685,864691135617097833,864691135341966769,2628,MC,I,6P-IT,E
823,70471432,864691136388594704,864691136309662554,2216,BPC,I,BPC,I
824,21465140,864691135491272167,864691135753678541,3160,23P,E,MC,I
825,387776728,864691135946578724,864691135740508820,3756,4P,E,5P-ET,E
826,448268394,864691136928535263,864691135342041541,7044,6P-IT,E,5P-ET,E
827,147955898,864691135211350720,864691135755513298,9116,6P-IT,E,6P-IT,E
828,430531820,864691136451350015,864691135568594924,2088,6P-IT,E,MC,I
829,368701446,864691136391808639,864691134940908643,28516,6P-IT,E,6P-CT,E
830,465893320,864691135594432043,864691135213702784,4976,23P,E,BC,I
831,1487166,864691134988410490,864691135780842832,4596,23P,E,23P,E
832,219612932,864691135382907883,864691136208991932,1852,6P-IT,E,6P-IT,E
833,114895821,864691136275001741,864691135292611510,5764,6P-CT,E,5P-ET,E
834,189986250,864691135474768448,864691135065177412,192,6P-CT,E,6P-CT,E
835,340225035,864691136032670395,864691135408127945,20160,6P-IT,E,6P-IT,E
836,492357681,864691135367962873,864691135759616701,1108,6P-CT,E,MC,I
837,36840243,864691135572081189,864691135393959669,168,23P,E,23P,E
838,422274026,864691136311779389,864691137020226926,7452,4P,E,BC,I
839,337657368,864691136065239192,864691135939329025,7288,MC,I,4P,E
840,232447099,864691135731707065,864691135361084231,1544,6P-CT,E,BC,I
841,481004674,864691135937992964,864691136419793559,7408,4P,E,BC,I
842,255560650,864691135361087303,864691135208532089,6556,6P-IT,E,6P-IT,E
843,361147012,864691135927651540,864691135100900896,9976,BC,I,6P-IT,E
844,312436992,864691136906761838,864691135778023357,2892,MC,I,23P,E
845,180865408,864691135271251877,864691135946182180,4604,6P-IT,E,6P-IT,E
846,199218433,864691135810107596,864691136378758613,4864,4P,E,4P,E
847,289201059,864691136009517486,864691135463418525,2664,4P,E,4P,E
848,497325002,864691136912615153,864691135561495777,6120,5P-ET,E,6P-IT,E
849,287845730,864691135394748917,864691136864352110,6416,6P-IT,E,MC,I
850,432034769,864691136209021628,864691136553125026,3416,5P-IT,E,6P-IT,E
851,40315095,864691135429360688,864691135800625762,5004,4P,E,4P,E
852,43876933,864691136966141134,864691135565939991,2100,23P,E,23P,E
853,296415452,864691135489356858,864691136117423524,1292,23P,E,4P,E
854,276011117,864691136389000823,864691135571894509,13560,23P,E,23P,E
855,351938670,864691135209184121,864691135501545026,2708,23P,E,4P,E
856,116369872,864691135865932252,864691135759579214,6556,23P,E,23P,E
857,128440572,864691136056384728,864691135741429867,2952,NGC,I,BPC,I
858,174259183,864691135942390388,864691135578139397,3624,23P,E,BC,I
859,152188045,864691136066362520,864691135257669039,180,23P,E,23P,E
860,316596577,864691134948160764,864691135940028326,340,BC,I,BC,I
861,94702734,864691135927312340,864691136135221387,15108,23P,E,23P,E
862,128136926,864691135856316462,864691136194925132,1468,5P-IT,E,6P-CT,E
863,436194357,864691136594485922,864691135582335085,1780,23P,E,23P,E
864,277154942,864691135837373075,864691136066630296,524,23P,E,23P,E
865,155130616,864691135463809598,864691135498698259,5820,4P,E,BPC,I
866,429364875,864691135065413700,864691135915909478,1052,23P,E,23P,E
867,117211407,864691136619117197,864691135777108669,24048,6P-CT,E,6P-CT,E
868,44528955,864691135323799964,864691135474591808,196,4P,E,4P,E
869,47561032,864691136136633981,864691136601571281,11344,4P,E,5P-IT,E
870,251628085,864691136578524948,864691137054660214,7504,4P,E,5P-IT,E
871,434126115,864691136057030616,864691135859071848,17024,6P-IT,E,6P-IT,E
872,65022259,864691135719733553,864691135572105765,14592,BC,I,23P,E
873,366325439,864691135491884383,864691135591398411,184,5P-IT,E,5P-IT,E
874,423504609,864691136236685327,864691135323800476,3900,6P-CT,E,6P-CT,E
875,133861773,864691135437154546,864691136912440817,1440,23P,E,23P,E
876,147004899,864691135368065785,864691136286776771,1408,6P-IT,E,MC,I
877,380253967,864691136423472431,864691135976518467,2592,5P-IT,E,5P-ET,E
878,397962548,864691135490947687,864691135349302487,360,4P,E,MC,I
879,473165159,864691135851612615,864691135479258054,6436,4P,E,MC,I
880,254862380,864691135136020249,864691135725036203,8064,4P,E,5P-IT,E
881,104133960,864691136210266812,864691135755601106,9224,4P,E,4P,E
882,284141385,864691135213682816,864691135661361136,11668,23P,E,4P,E
883,499718579,864691135474658624,864691135866718817,2224,6P-IT,E,6P-IT,E
884,39317388,864691136311738685,864691135684245746,4936,4P,E,23P,E
885,147687608,864691135890158729,864691135700757026,3360,23P,E,BC,I
886,295486833,864691135278210977,864691135345960607,6384,23P,E,23P,E
887,60486803,864691136617108187,864691136287460803,8784,5P-IT,E,6P-CT,E
888,175239363,864691135585266808,864691136238652476,10708,5P-ET,E,6P-IT,E
889,55892528,864691135749550633,864691136321226718,228,6P-CT,E,6P-CT,E
890,125297644,864691135182813442,864691136965988558,11348,4P,E,6P-CT,E
891,146531450,864691135493960080,864691135463409309,10876,6P-IT,E,4P,E
892,217648165,864691136487737618,864691136135534987,196,6P-IT,E,5P-IT,E
893,215634799,864691135013686934,864691135989090184,3164,4P,E,4P,E
894,421632569,864691136522333329,864691136952366815,544,6P-CT,E,5P-ET,E
895,7423295,864691136371231368,864691136903578290,428,BC,I,BC,I
896,371273878,864691136024821049,864691135754694349,4180,4P,E,4P,E
897,295647348,864691136974359068,864691135304378279,15140,23P,E,23P,E
898,125386736,864691135477454760,864691136923964644,8176,MC,I,BC,I
899,93333618,864691135279030689,864691137020958830,2668,23P,E,23P,E
900,383979176,864691135269990565,864691135926582030,9132,23P,E,23P,E
901,451844285,864691135915181670,864691135374452424,7020,23P,E,6P-IT,E
902,472556925,864691135544382504,864691136556334754,3144,4P,E,4P,E
903,467171617,864691135459719108,864691136205491390,7840,BC,I,MC,I
904,477931632,864691135349287127,864691135661113584,6464,6P-IT,E,6P-CT,E
905,96812824,864691136273637133,864691135359817816,5520,5P-IT,E,6P-IT,E
906,327488557,864691136272992958,864691136578820884,2364,4P,E,5P-ET,E
907,334978098,864691135516194259,864691136309644122,392,6P-CT,E,6P-CT,E
908,253881429,864691136741627484,864691136423542319,1176,6P-CT,E,6P-CT,E
909,258370970,864691135582549869,864691136274575885,2268,23P,E,4P,E
910,308025795,864691135867644438,864691134948396540,5580,6P-CT,E,6P-IT,E
911,441885028,864691135570033286,864691135408202953,2840,4P,E,BC,I
912,97368645,864691135919158960,864691135865195996,1688,MC,I,MC,I
913,257940692,864691136194928616,864691136419351959,3564,4P,E,MC,I
914,100346742,864691135490886247,864691135910666665,3708,6P-IT,E,BC,I
915,73642524,864691135575562014,864691135800660834,5228,23P,E,23P,E
916,9380969,864691136144835991,864691135467558540,17864,NGC,I,4P,E
917,459702572,864691136006207395,864691135938398468,2016,6P-CT,E,MC,I
918,470619735,864691136389053559,864691135572157733,2196,6P-CT,E,6P-IT,E
919,195419756,864691135291740086,864691134941126755,192,23P,E,4P,E
920,146540534,864691135114328985,864691134965736479,172,MC,I,BC,I
921,383567550,864691136724624125,864691136106533593,852,BC,I,23P,E
922,100459397,864691135123231271,864691135518111114,2592,6P-CT,E,6P-CT,E
923,491371017,864691135584575096,864691135492146015,1512,23P,E,4P,E
924,275171559,864691135212600704,864691135885170544,2796,BC,I,6P-IT,E
925,310109026,864691135749854761,864691135162807597,7128,NGC,I,5P-ET,E
926,88850833,864691135544813608,864691135867381526,8912,23P,E,4P,E
927,359872488,864691136267378676,864691135759530830,2640,4P,E,4P,E
928,39157349,864691136912127729,864691135135390489,3748,23P,E,23P,E
929,273080918,864691136990789269,864691136085464684,9276,6P-CT,E,MC,I
930,385172076,864691135736346772,864691135304176039,204,4P,E,4P,E
931,59635555,864691135394959349,864691135841856227,3408,23P,E,5P-IT,E
932,497563796,864691135133460640,864691135059429531,2080,6P-IT,E,6P-IT,E
933,73934431,864691136601554129,864691136109918136,580,6P-CT,E,4P,E
934,99298811,864691136289717143,864691135807316253,404,4P,E,4P,E
935,162822646,864691136057315800,864691135993173441,10108,6P-CT,E,6P-CT,E
936,159991279,864691135609998343,864691135867398678,5204,5P-ET,E,23P,E
937,373119193,864691135270568613,864691136990945173,1976,4P,E,6P-IT,E
938,465336677,864691136602790609,864691135387639681,3028,5P-IT,E,5P-IT,E
939,273595655,864691135738440049,864691136024410681,15996,5P-IT,E,6P-IT,E
940,197139599,864691136380103125,864691135688175840,3908,MC,I,5P-IT,E
941,459394619,864691137019285358,864691135342043077,6152,6P-CT,E,MC,I
942,308430422,864691136577486100,864691135468925522,1984,23P,E,6P-CT,E
943,428806088,864691135475109696,864691135800588386,4560,6P-IT,E,6P-IT,E
944,453308381,864691137020499310,864691136724473597,2812,5P-IT,E,5P-IT,E
945,309070568,864691135610201351,864691135918754224,5832,6P-IT,E,5P-IT,E
946,443386859,864691136194611276,864691135698229013,300,6P-CT,E,5P-ET,E
947,113077710,864691135335376105,864691135576073246,2440,5P-IT,E,6P-CT,E
948,500118991,864691135687645408,864691136236688655,16912,23P,E,4P,E
949,78192820,864691135581550957,864691135947392865,4440,4P,E,5P-IT,E
950,365318089,864691135925541134,864691136419226519,6092,23P,E,23P,E
951,264453910,864691135502763613,864691135731222201,3412,4P,E,4P,E
952,94568285,864691135208907129,864691136101352309,4232,23P,E,23P,E
953,446825704,864691135494915728,864691135359561048,23300,6P-IT,E,6P-IT,E
954,353346451,864691135195825450,864691135526750299,10372,23P,E,6P-CT,E
955,105445611,864691135586329468,864691137019552622,3832,5P-ET,E,4P,E
956,60580978,864691136107688835,864691134948150012,2516,6P-IT,E,6P-IT,E
957,453449593,864691136379235285,864691135864847998,32320,5P-IT,E,5P-ET,E
958,175693784,864691137197606209,864691135778484669,1936,6P-IT,E,BC,I
959,148578564,864691135383752427,864691136100135029,5248,6P-IT,E,6P-IT,E
960,197676846,864691136990963605,864691134918100490,6128,5P-IT,E,6P-IT,E
961,346693600,864691136423535663,864691136100778869,6824,6P-IT,E,5P-ET,E
962,303885743,864691135569982854,864691136124393510,26644,6P-IT,E,6P-IT,E
963,382960641,864691135274627557,864691135446540434,448,23P,E,23P,E
964,227331836,864691135416389306,864691135066084932,6080,23P,E,23P,E
965,422630392,864691135696873370,864691136089575479,3996,6P-IT,E,BC,I
966,460824049,864691135698354453,864691135308066118,7836,5P-IT,E,BC,I
967,325949588,864691135135744793,864691135208496249,7932,5P-IT,E,BC,I
968,160853054,864691136042005078,864691136286776771,3008,4P,E,MC,I
969,363736013,864691135701311867,864691136924138468,10768,4P,E,5P-IT,E
970,245628963,864691135429554224,864691136296743451,1536,6P-CT,E,6P-CT,E
971,481491781,864691135772590075,864691135755923645,720,4P,E,5P-IT,E
972,241157999,864691135865548933,864691136137459837,20564,5P-ET,E,4P,E
973,33559692,864691135841307619,864691135383197146,1876,BPC,I,6P-CT,E
974,92296866,864691136100725109,864691136065270680,1568,6P-IT,E,6P-IT,E
975,405836054,864691135889827209,864691137054863478,1720,4P,E,5P-IT,E
976,483812274,864691135718474289,864691135661429744,3796,4P,E,BC,I
977,448735476,864691136903962802,864691136116486308,2272,MC,I,4P,E
978,72498536,864691135614439627,864691136124433702,9540,4P,E,5P-IT,E
979,22414485,864691136008440236,864691135517630916,1128,BC,I,6P-IT,E
980,85238607,864691135276259301,864691136952277215,11596,5P-ET,E,5P-ET,E
981,112497814,864691136990840981,864691136011604387,4756,6P-IT,E,6P-IT,E
982,305835947,864691135741150571,864691136023814713,160,4P,E,23P,E
983,28169293,864691135134713881,864691136134405003,2112,23P,E,4P,E
984,63205237,864691135684999607,864691135208498809,3512,4P,E,5P-IT,E
985,129593014,864691135737752452,864691135609724679,2032,BPC,I,BPC,I
986,280717296,864691135615784553,864691135740976235,556,6P-IT,E,6P-CT,E
987,135647345,864691136436376222,864691135838704275,160,6P-IT,E,6P-CT,E
988,42388753,864691135582490989,864691135539061874,4304,6P-CT,E,6P-IT,E
989,149359381,864691137197880897,864691136379076565,2864,6P-CT,E,6P-CT,E
990,134681465,864691135561557473,864691135373601736,7636,6P-IT,E,BC,I
991,334747139,864691135361092167,864691135927325908,5064,6P-IT,E,MC,I
992,204097155,864691136228723281,864691136362762978,8304,5P-NP,E,MC,I
993,91929034,864691135278657185,864691135687312608,544,MC,I,5P-ET,E
994,465985294,864691135939321857,864691136422871599,4024,23P,E,23P,E
995,474803409,864691135841748963,864691135510506448,2080,6P-IT,E,6P-IT,E
